<list>
  <template>
    <children class="org.eclipse.persistence.indirection.IndirectSet"/>
    <derivedDPUs class="org.eclipse.persistence.indirection.IndirectSet"/>
    <description></description>
    <jarDescription>(commit: 70e91225919ce337f2a88f62c00f836abad71789, build timestamp: 2017-04-03 10:21)</jarDescription>
    <jarDirectory>uv-dpu-l-attx-apicaller</jarDirectory>
    <jarName>uv-dpu-l-attx-apicaller-1.0-SNAPSHOT.jar</jarName>
    <menuName>uv-dpu-l-attx-apicaller</menuName>
    <name>uv-dpu-l-attx-apicaller</name>
    <rawConf>&lt;object-stream&gt;
  &lt;MasterConfigObject&gt;
    &lt;configurations&gt;
      &lt;entry&gt;
        &lt;string&gt;dpu_config&lt;/string&gt;
        &lt;string&gt;&amp;lt;object-stream&amp;gt;
  &amp;lt;org.uh.hulib.attx.wc.uv.dpu.apicaller.APICallerConfig__V1&amp;gt;
    &amp;lt;method&amp;gt;GET&amp;lt;/method&amp;gt;
    &amp;lt;polling&amp;gt;false&amp;lt;/polling&amp;gt;
  &amp;lt;/org.uh.hulib.attx.wc.uv.dpu.apicaller.APICallerConfig__V1&amp;gt;
&amp;lt;/object-stream&amp;gt;&lt;/string&gt;
      &lt;/entry&gt;
    &lt;/configurations&gt;
  &lt;/MasterConfigObject&gt;
&lt;/object-stream&gt;</rawConf>
    <shareType>PUBLIC_RO</shareType>
    <type>LOADER</type>
    <useDPUDescription>false</useDPUDescription>
  </template>
</list>