<cz.cuni.mff.xrg.odcs.commons.app.pipeline.Pipeline>
  <description></description>
  <executions class="org.eclipse.persistence.indirection.IndirectSet"/>
  <graph>
    <edges/>
    <nodes>
      <cz.cuni.mff.xrg.odcs.commons.app.pipeline.graph.Node>
        <dpuInstance>
          <description></description>
          <menuName>uv-dpu-l-attx-apicaller</menuName>
          <messageRecords class="org.eclipse.persistence.indirection.IndirectSet"/>
          <name>uv-dpu-l-attx-apicaller</name>
          <node reference="../.."/>
          <rawConf>&lt;object-stream&gt;
  &lt;MasterConfigObject&gt;
    &lt;configurations&gt;
      &lt;entry&gt;
        &lt;string&gt;dpu_config&lt;/string&gt;
        &lt;string&gt;&amp;lt;object-stream&amp;gt;
  &amp;lt;org.uh.hulib.attx.wc.uv.dpu.apicaller.APICallerConfig__V1&amp;gt;
    &amp;lt;apiEndpoint&amp;gt;http://gmapi:4302/0.1/index&amp;lt;/apiEndpoint&amp;gt;
    &amp;lt;method&amp;gt;POST&amp;lt;/method&amp;gt;
    &amp;lt;payload&amp;gt;{
&amp;amp;quot;plugin&amp;amp;quot;: &amp;amp;quot;python&amp;amp;quot;,
&amp;amp;quot;targetEndpoint&amp;amp;quot;: {
    &amp;amp;quot;host&amp;amp;quot;:&amp;amp;quot;es5&amp;amp;quot;,
    &amp;amp;quot;port&amp;amp;quot;: 9210
},
&amp;amp;quot;indexing&amp;amp;quot;: {
    &amp;amp;quot;index&amp;amp;quot;: &amp;amp;quot;default&amp;amp;quot;,
    &amp;amp;quot;resourceType&amp;amp;quot;: &amp;amp;quot;work&amp;amp;quot;,
    &amp;amp;quot;indexingID&amp;amp;quot;: &amp;amp;quot;id&amp;amp;quot;,    
    &amp;amp;quot;filter&amp;amp;quot;: &amp;amp;quot;{\r\n  \&amp;amp;quot;@context\&amp;amp;quot;: {\r\n    \&amp;amp;quot;@vocab\&amp;amp;quot;: \&amp;amp;quot;http:\/\/data.hulib.helsinki.fi\/attx\/\&amp;amp;quot;,\r\n    \&amp;amp;quot;dcterms\&amp;amp;quot;: \&amp;amp;quot;http:\/\/purl.org\/dc\/terms\/\&amp;amp;quot;,\r\n    \&amp;amp;quot;rdf\&amp;amp;quot;: \&amp;amp;quot;http:\/\/www.w3.org\/1999\/02\/22-rdf-syntax-ns#\&amp;amp;quot;,\r\n    \&amp;amp;quot;rdfs\&amp;amp;quot;: \&amp;amp;quot;http:\/\/www.w3.org\/2000\/01\/rdf-schema#\&amp;amp;quot;,\r\n    \&amp;amp;quot;xsd\&amp;amp;quot;: \&amp;amp;quot;http:\/\/www.w3.org\/2001\/XMLSchema#\&amp;amp;quot;,\r\n    \&amp;amp;quot;attx-types\&amp;amp;quot;: \&amp;amp;quot;http:\/\/data.hulib.helsinki.fi\/attx\/types\/\&amp;amp;quot;,\r\n    \&amp;amp;quot;attx-types:Infrastructure\&amp;amp;quot;: {\r\n    \&amp;amp;quot;@type\&amp;amp;quot;: \&amp;amp;quot;@id\&amp;amp;quot;\r\n  },\r\n    \&amp;amp;quot;attx:hasclusteredID\&amp;amp;quot;: {\r\n      \&amp;amp;quot;@id\&amp;amp;quot;: \&amp;amp;quot;http:\/\/data.hulib.helsinki.fi\/attx\/id\&amp;amp;quot;\r\n    }    \r\n    ,\r\n    \&amp;amp;quot;id\&amp;amp;quot;: {\r\n      \&amp;amp;quot;@type\&amp;amp;quot;: \&amp;amp;quot;@id\&amp;amp;quot;,\r\n      \&amp;amp;quot;@id\&amp;amp;quot;: \&amp;amp;quot;http:\/\/purl.org\/dc\/terms\/identifier\&amp;amp;quot;\r\n    },\r\n    \&amp;amp;quot;externallink\&amp;amp;quot;: {\r\n      \&amp;amp;quot;@type\&amp;amp;quot;: \&amp;amp;quot;@id\&amp;amp;quot;,\r\n   \&amp;amp;quot;@container\&amp;amp;quot;: \&amp;amp;quot;@set\&amp;amp;quot;,   \&amp;amp;quot;@id\&amp;amp;quot;: \&amp;amp;quot;http:\/\/data.hulib.helsinki.fi\/attx\/link\&amp;amp;quot;\r\n    },    \r\n    \&amp;amp;quot;title\&amp;amp;quot;: {\r\n      \&amp;amp;quot;@id\&amp;amp;quot;: \&amp;amp;quot;http:\/\/purl.org\/dc\/terms\/title\&amp;amp;quot;\r\n    },\r\n\t\&amp;amp;quot;pubs\&amp;amp;quot;: {\r\n      \&amp;amp;quot;@id\&amp;amp;quot;: \&amp;amp;quot;http:\/\/purl.org\/dc\/terms\/relation\&amp;amp;quot;      \r\n    }    \r\n  },\r\n  \&amp;amp;quot;@type\&amp;amp;quot;: \&amp;amp;quot;attx-types:Infrastructure\&amp;amp;quot;\r\n}&amp;amp;quot;
},
&amp;amp;quot;graphStore&amp;amp;quot;: {
    &amp;amp;quot;endpoint&amp;amp;quot;: {
        &amp;amp;quot;host&amp;amp;quot;:&amp;amp;quot;fuseki&amp;amp;quot;,
        &amp;amp;quot;port&amp;amp;quot;:3030,
        &amp;amp;quot;dataset&amp;amp;quot;: &amp;amp;quot;ds&amp;amp;quot;
    },
    &amp;amp;quot;graphs&amp;amp;quot;:[&amp;amp;quot;http://data.hulib.helsinki.fi/attx/work4&amp;amp;quot;, &amp;amp;quot;http://data.hulib.helsinki.fi/attx/work/2&amp;amp;quot;, &amp;amp;quot;http://data.hulib.helsinki.fi/attx/work/1&amp;amp;quot;]
}
}&amp;lt;/payload&amp;gt;
    &amp;lt;polling&amp;gt;false&amp;lt;/polling&amp;gt;
  &amp;lt;/org.uh.hulib.attx.wc.uv.dpu.apicaller.APICallerConfig__V1&amp;gt;
&amp;lt;/object-stream&amp;gt;&lt;/string&gt;
      &lt;/entry&gt;
    &lt;/configurations&gt;
  &lt;/MasterConfigObject&gt;
&lt;/object-stream&gt;</rawConf>
          <template>
            <description></description>
            <jarName>uv-dpu-l-attx-apicaller-1.0-SNAPSHOT.jar</jarName>
            <menuName>uv-dpu-l-attx-apicaller</menuName>
            <name>uv-dpu-l-attx-apicaller</name>
            <rawConf>&lt;object-stream&gt;
  &lt;MasterConfigObject&gt;
    &lt;configurations&gt;
      &lt;entry&gt;
        &lt;string&gt;dpu_config&lt;/string&gt;
        &lt;string&gt;&amp;lt;object-stream&amp;gt;
  &amp;lt;org.uh.hulib.attx.wc.uv.dpu.apicaller.APICallerConfig__V1&amp;gt;
    &amp;lt;method&amp;gt;GET&amp;lt;/method&amp;gt;
    &amp;lt;polling&amp;gt;false&amp;lt;/polling&amp;gt;
  &amp;lt;/org.uh.hulib.attx.wc.uv.dpu.apicaller.APICallerConfig__V1&amp;gt;
&amp;lt;/object-stream&amp;gt;&lt;/string&gt;
      &lt;/entry&gt;
    &lt;/configurations&gt;
  &lt;/MasterConfigObject&gt;
&lt;/object-stream&gt;</rawConf>
            <useDPUDescription>false</useDPUDescription>
          </template>
          <useDPUDescription>false</useDPUDescription>
          <useTemplateConfig>false</useTemplateConfig>
        </dpuInstance>
        <executions class="org.eclipse.persistence.indirection.IndirectSet"/>
        <graph reference="../../.."/>
        <position>
          <x>448</x>
          <y>44</y>
        </position>
      </cz.cuni.mff.xrg.odcs.commons.app.pipeline.graph.Node>
    </nodes>
    <pipeline reference="../.."/>
  </graph>
  <lastChange>2017-05-31 12:56:45.0 UTC</lastChange>
  <name>indexing (ES)</name>
  <openEvents class="org.eclipse.persistence.indirection.IndirectSet"/>
  <schedules class="org.eclipse.persistence.indirection.IndirectSet"/>
  <shareType>PRIVATE</shareType>
</cz.cuni.mff.xrg.odcs.commons.app.pipeline.Pipeline>