<list>
  <template>
    <children class="org.eclipse.persistence.indirection.IndirectSet"/>
    <derivedDPUs class="org.eclipse.persistence.indirection.IndirectSet"/>
    <description></description>
    <jarDescription>(commit: 70e91225919ce337f2a88f62c00f836abad71789, build timestamp: 2017-04-03 10:41)</jarDescription>
    <jarDirectory>uv-dpu-l-attx-linker</jarDirectory>
    <jarName>uv-dpu-l-attx-linker-1.0-SNAPSHOT.jar</jarName>
    <menuName>uv-dpu-l-attx-linker</menuName>
    <name>uv-dpu-l-attx-linker</name>
    <rawConf>&lt;object-stream&gt;
  &lt;MasterConfigObject&gt;
    &lt;configurations&gt;
      &lt;entry&gt;
        &lt;string&gt;dpu_config&lt;/string&gt;
        &lt;string&gt;&amp;lt;object-stream&amp;gt;
  &amp;lt;org.uh.hulib.attx.wc.uv.dpu.linker.LinkerConfig__V1&amp;gt;
    &amp;lt;inputGraphs/&amp;gt;
    &amp;lt;gmapiEndpoint&amp;gt;gmapi:4302/0.1&amp;lt;/gmapiEndpoint&amp;gt;
    &amp;lt;fusekiEndpoint&amp;gt;fuseki:3030/ds&amp;lt;/fusekiEndpoint&amp;gt;
  &amp;lt;/org.uh.hulib.attx.wc.uv.dpu.linker.LinkerConfig__V1&amp;gt;
&amp;lt;/object-stream&amp;gt;&lt;/string&gt;
      &lt;/entry&gt;
    &lt;/configurations&gt;
  &lt;/MasterConfigObject&gt;
&lt;/object-stream&gt;</rawConf>
    <shareType>PUBLIC_RO</shareType>
    <type>LOADER</type>
    <useDPUDescription>false</useDPUDescription>
  </template>
</list>