<cz.cuni.mff.xrg.odcs.commons.app.pipeline.Pipeline>
  <description></description>
  <executions class="org.eclipse.persistence.indirection.IndirectSet"/>
  <graph>
    <edges/>
    <nodes>
      <cz.cuni.mff.xrg.odcs.commons.app.pipeline.graph.Node>
        <dpuInstance>
          <description></description>
          <menuName>uv-dpu-l-attx-linker</menuName>
          <messageRecords class="org.eclipse.persistence.indirection.IndirectSet"/>
          <name>uv-dpu-l-attx-linker</name>
          <node reference="../.."/>
          <rawConf>&lt;object-stream&gt;
  &lt;MasterConfigObject&gt;
    &lt;configurations&gt;
      &lt;entry&gt;
        &lt;string&gt;dpu_config&lt;/string&gt;
        &lt;string&gt;&amp;lt;object-stream&amp;gt;
  &amp;lt;org.uh.hulib.attx.wc.uv.dpu.linker.LinkerConfig__V1&amp;gt;
    &amp;lt;inputGraphs&amp;gt;
      &amp;lt;org.uh.hulib.attx.wc.uv.dpu.linker.OptionValue&amp;gt;
        &amp;lt;value&amp;gt;http://data.hulib.helsinki.fi/attx/work/1&amp;lt;/value&amp;gt;
        &amp;lt;label&amp;gt;Internal Tuhat pubs and infras&amp;lt;/label&amp;gt;
      &amp;lt;/org.uh.hulib.attx.wc.uv.dpu.linker.OptionValue&amp;gt;
      &amp;lt;org.uh.hulib.attx.wc.uv.dpu.linker.OptionValue&amp;gt;
        &amp;lt;value&amp;gt;http://data.hulib.helsinki.fi/attx/work/2&amp;lt;/value&amp;gt;
        &amp;lt;label&amp;gt;Work2 - infras&amp;lt;/label&amp;gt;
      &amp;lt;/org.uh.hulib.attx.wc.uv.dpu.linker.OptionValue&amp;gt;
    &amp;lt;/inputGraphs&amp;gt;
    &amp;lt;linkStrategy&amp;gt;http://data.hulib.helsinki.fi/attx/idstrategy1&amp;lt;/linkStrategy&amp;gt;
    &amp;lt;outputGraph&amp;gt;http://data.hulib.helsinki.fi/attx/work3&amp;lt;/outputGraph&amp;gt;
    &amp;lt;outputGraphLabel&amp;gt;Output&amp;lt;/outputGraphLabel&amp;gt;
    &amp;lt;gmapiEndpoint&amp;gt;gmapi:4302/0.1&amp;lt;/gmapiEndpoint&amp;gt;
    &amp;lt;fusekiEndpoint&amp;gt;fuseki:3030/ds&amp;lt;/fusekiEndpoint&amp;gt;
  &amp;lt;/org.uh.hulib.attx.wc.uv.dpu.linker.LinkerConfig__V1&amp;gt;
&amp;lt;/object-stream&amp;gt;&lt;/string&gt;
      &lt;/entry&gt;
    &lt;/configurations&gt;
  &lt;/MasterConfigObject&gt;
&lt;/object-stream&gt;</rawConf>
          <template>
            <description></description>
            <jarName>uv-dpu-l-attx-linker-1.0-SNAPSHOT.jar</jarName>
            <menuName>uv-dpu-l-attx-linker</menuName>
            <name>uv-dpu-l-attx-linker</name>
            <rawConf>&lt;object-stream&gt;
  &lt;MasterConfigObject&gt;
    &lt;configurations&gt;
      &lt;entry&gt;
        &lt;string&gt;dpu_config&lt;/string&gt;
        &lt;string&gt;&amp;lt;object-stream&amp;gt;
  &amp;lt;org.uh.hulib.attx.wc.uv.dpu.linker.LinkerConfig__V1&amp;gt;
    &amp;lt;inputGraphs/&amp;gt;
    &amp;lt;gmapiEndpoint&amp;gt;gmapi:4302/0.1&amp;lt;/gmapiEndpoint&amp;gt;
    &amp;lt;fusekiEndpoint&amp;gt;fuseki:3030/ds&amp;lt;/fusekiEndpoint&amp;gt;
  &amp;lt;/org.uh.hulib.attx.wc.uv.dpu.linker.LinkerConfig__V1&amp;gt;
&amp;lt;/object-stream&amp;gt;&lt;/string&gt;
      &lt;/entry&gt;
    &lt;/configurations&gt;
  &lt;/MasterConfigObject&gt;
&lt;/object-stream&gt;</rawConf>
            <useDPUDescription>false</useDPUDescription>
          </template>
          <useDPUDescription>false</useDPUDescription>
          <useTemplateConfig>false</useTemplateConfig>
        </dpuInstance>
        <executions class="org.eclipse.persistence.indirection.IndirectSet"/>
        <graph reference="../../.."/>
        <position>
          <x>440</x>
          <y>56</y>
        </position>
      </cz.cuni.mff.xrg.odcs.commons.app.pipeline.graph.Node>
    </nodes>
    <pipeline reference="../.."/>
  </graph>
  <lastChange>2017-05-31 06:31:59.0 UTC</lastChange>
  <name>linking (skos:exactMatch)</name>
  <openEvents class="org.eclipse.persistence.indirection.IndirectSet"/>
  <schedules class="org.eclipse.persistence.indirection.IndirectSet"/>
  <shareType>PRIVATE</shareType>
</cz.cuni.mff.xrg.odcs.commons.app.pipeline.Pipeline>