<list>
  <template>
    <children class="org.eclipse.persistence.indirection.IndirectSet"/>
    <derivedDPUs class="org.eclipse.persistence.indirection.IndirectSet"/>
    <description></description>
    <jarDescription>(commit: 70e91225919ce337f2a88f62c00f836abad71789, build timestamp: 2017-04-03 10:45)</jarDescription>
    <jarDirectory>uv-dpu-l-attx-uploader</jarDirectory>
    <jarName>uv-dpu-l-attx-uploader-1.0-SNAPSHOT.jar</jarName>
    <menuName>uv-dpu-l-attx-uploader</menuName>
    <name>uv-dpu-l-attx-uploader</name>
    <rawConf>&lt;object-stream&gt;
  &lt;MasterConfigObject&gt;
    &lt;configurations&gt;
      &lt;entry&gt;
        &lt;string&gt;dpu_config&lt;/string&gt;
        &lt;string&gt;&amp;lt;object-stream&amp;gt;
  &amp;lt;org.uh.hulib.attx.wc.uv.dpu.uploader.UploaderConfig__V1&amp;gt;
    &amp;lt;endpointURL&amp;gt;http://localhost:3030/ds/&amp;lt;/endpointURL&amp;gt;
    &amp;lt;rdfFileFormat&amp;gt;Auto&amp;lt;/rdfFileFormat&amp;gt;
    &amp;lt;targetGraphName&amp;gt;&amp;lt;/targetGraphName&amp;gt;
    &amp;lt;clearDestinationGraph&amp;gt;false&amp;lt;/clearDestinationGraph&amp;gt;
  &amp;lt;/org.uh.hulib.attx.wc.uv.dpu.uploader.UploaderConfig__V1&amp;gt;
&amp;lt;/object-stream&amp;gt;&lt;/string&gt;
      &lt;/entry&gt;
    &lt;/configurations&gt;
  &lt;/MasterConfigObject&gt;
&lt;/object-stream&gt;</rawConf>
    <shareType>PUBLIC_RO</shareType>
    <type>LOADER</type>
    <useDPUDescription>false</useDPUDescription>
  </template>
  <template>
    <children class="org.eclipse.persistence.indirection.IndirectSet"/>
    <derivedDPUs class="org.eclipse.persistence.indirection.IndirectSet"/>
    <description></description>
    <jarDescription>(commit: 3f65f00c4fba183c4dea7353605e2bdd6ac2715f, build timestamp: 2017-04-07 13:05)</jarDescription>
    <jarDirectory>uv-dpu-t-attx-metadata</jarDirectory>
    <jarName>uv-dpu-t-attx-metadata-1.0-SNAPSHOT.jar</jarName>
    <menuName>uv-dpu-t-attx-metadata</menuName>
    <name>uv-dpu-t-attx-metadata</name>
    <rawConf>&lt;object-stream&gt;
  &lt;MasterConfigObject&gt;
    &lt;configurations&gt;
      &lt;entry&gt;
        &lt;string&gt;dpu_config&lt;/string&gt;
        &lt;string&gt;&amp;lt;object-stream&amp;gt;
  &amp;lt;org.uh.hulib.attx.wc.uv.dpu.metadata.TransformerATTXMetadataConfig__V1&amp;gt;
    &amp;lt;inputGraphURI&amp;gt;&amp;lt;/inputGraphURI&amp;gt;
    &amp;lt;inputGraphTitle&amp;gt;&amp;lt;/inputGraphTitle&amp;gt;
    &amp;lt;inputGraphDescription&amp;gt;&amp;lt;/inputGraphDescription&amp;gt;
    &amp;lt;inputGraphPublisher&amp;gt;&amp;lt;/inputGraphPublisher&amp;gt;
    &amp;lt;inputGraphSource&amp;gt;&amp;lt;/inputGraphSource&amp;gt;
    &amp;lt;inputGraphLicence&amp;gt;&amp;lt;/inputGraphLicence&amp;gt;
    &amp;lt;outputGraphURI&amp;gt;&amp;lt;/outputGraphURI&amp;gt;
    &amp;lt;outputGraphTitle&amp;gt;&amp;lt;/outputGraphTitle&amp;gt;
    &amp;lt;outputGraphDescription&amp;gt;&amp;lt;/outputGraphDescription&amp;gt;
    &amp;lt;outputGraphPublisher&amp;gt;&amp;lt;/outputGraphPublisher&amp;gt;
    &amp;lt;outputGraphSource&amp;gt;&amp;lt;/outputGraphSource&amp;gt;
    &amp;lt;outputGraphLicence&amp;gt;&amp;lt;/outputGraphLicence&amp;gt;
  &amp;lt;/org.uh.hulib.attx.wc.uv.dpu.metadata.TransformerATTXMetadataConfig__V1&amp;gt;
&amp;lt;/object-stream&amp;gt;&lt;/string&gt;
      &lt;/entry&gt;
    &lt;/configurations&gt;
  &lt;/MasterConfigObject&gt;
&lt;/object-stream&gt;</rawConf>
    <shareType>PUBLIC_RO</shareType>
    <type>TRANSFORMER</type>
    <useDPUDescription>false</useDPUDescription>
  </template>
  <template>
    <children class="org.eclipse.persistence.indirection.IndirectSet"/>
    <derivedDPUs class="org.eclipse.persistence.indirection.IndirectSet"/>
    <description></description>
    <jarDescription>(commit: 3f65f00c4fba183c4dea7353605e2bdd6ac2715f, build timestamp: 2017-04-07 13:04)</jarDescription>
    <jarDirectory>uv-dpu-t-attx-uc1-infras2internal</jarDirectory>
    <jarName>uv-dpu-t-attx-uc1-infras2internal-1.0-SNAPSHOT.jar</jarName>
    <menuName>uv-dpu-t-attx-uc1-infras2internal</menuName>
    <name>uv-dpu-t-attx-uc1-infras2internal</name>
    <rawConf>&lt;object-stream&gt;
  &lt;MasterConfigObject&gt;
    &lt;configurations&gt;
      &lt;entry&gt;
        &lt;string&gt;dpu_config&lt;/string&gt;
        &lt;string&gt;&amp;lt;object-stream&amp;gt;
  &amp;lt;org.uh.hulib.attx.wc.uv.dpu.uc1.Infras2InternalConfig__V1&amp;gt;
    &amp;lt;baseName&amp;gt;http://data.hulib.helsinki.fi/attx/&amp;lt;/baseName&amp;gt;
  &amp;lt;/org.uh.hulib.attx.wc.uv.dpu.uc1.Infras2InternalConfig__V1&amp;gt;
&amp;lt;/object-stream&amp;gt;&lt;/string&gt;
      &lt;/entry&gt;
    &lt;/configurations&gt;
  &lt;/MasterConfigObject&gt;
&lt;/object-stream&gt;</rawConf>
    <shareType>PUBLIC_RO</shareType>
    <type>TRANSFORMER</type>
    <useDPUDescription>false</useDPUDescription>
  </template>
  <template>
    <children class="org.eclipse.persistence.indirection.IndirectSet"/>
    <derivedDPUs class="org.eclipse.persistence.indirection.IndirectSet"/>
    <description></description>
    <jarDescription>Sends HTTP request, evaluates response and distributes response as file data unit (commit: 2f689ec21593d13d5dfbb5fad8a48e258a9c57f5, build timestamp: 2016-11-03 18:46)</jarDescription>
    <jarDirectory>uv-e-httpRequest</jarDirectory>
    <jarName>uv-e-httpRequest-1.0.0.jar</jarName>
    <menuName>uv-e-httpRequest</menuName>
    <name>uv-e-httpRequest</name>
    <rawConf>&lt;object-stream&gt;
  &lt;MasterConfigObject&gt;
    &lt;configurations&gt;
      &lt;entry&gt;
        &lt;string&gt;dpu_config&lt;/string&gt;
        &lt;string&gt;&amp;lt;object-stream&amp;gt;
  &amp;lt;eu.unifiedviews.plugins.extractor.httprequest.HttpRequestConfig__V1&amp;gt;
    &amp;lt;postRequestDataType&amp;gt;RAW_DATA&amp;lt;/postRequestDataType&amp;gt;
    &amp;lt;requestType&amp;gt;GET&amp;lt;/requestType&amp;gt;
    &amp;lt;charset&amp;gt;UTF-8&amp;lt;/charset&amp;gt;
    &amp;lt;contentType&amp;gt;TEXT&amp;lt;/contentType&amp;gt;
    &amp;lt;requestURL&amp;gt;&amp;lt;/requestURL&amp;gt;
    &amp;lt;rawRequestBody&amp;gt;&amp;lt;/rawRequestBody&amp;gt;
    &amp;lt;useAuthentication&amp;gt;false&amp;lt;/useAuthentication&amp;gt;
    &amp;lt;formDataRequestBody/&amp;gt;
    &amp;lt;fileName&amp;gt;http_response&amp;lt;/fileName&amp;gt;
  &amp;lt;/eu.unifiedviews.plugins.extractor.httprequest.HttpRequestConfig__V1&amp;gt;
&amp;lt;/object-stream&amp;gt;&lt;/string&gt;
      &lt;/entry&gt;
    &lt;/configurations&gt;
  &lt;/MasterConfigObject&gt;
&lt;/object-stream&gt;</rawConf>
    <shareType>PUBLIC_RO</shareType>
    <type>EXTRACTOR</type>
    <useDPUDescription>false</useDPUDescription>
  </template>
</list>