<cz.cuni.mff.xrg.odcs.commons.app.pipeline.Pipeline>
  <description></description>
  <executions class="org.eclipse.persistence.indirection.IndirectSet"/>
  <graph>
    <edges>
      <cz.cuni.mff.xrg.odcs.commons.app.pipeline.graph.Edge>
        <from>
          <dpuInstance>
            <description></description>
            <menuName>Download infras</menuName>
            <messageRecords class="org.eclipse.persistence.indirection.IndirectSet"/>
            <name>Download infras</name>
            <node reference="../.."/>
            <rawConf>&lt;object-stream&gt;
  &lt;MasterConfigObject&gt;
    &lt;configurations&gt;
      &lt;entry&gt;
        &lt;string&gt;dpu_config&lt;/string&gt;
        &lt;string&gt;&amp;lt;object-stream&amp;gt;
  &amp;lt;eu.unifiedviews.plugins.extractor.httprequest.HttpRequestConfig__V1&amp;gt;
    &amp;lt;postRequestDataType&amp;gt;RAW_DATA&amp;lt;/postRequestDataType&amp;gt;
    &amp;lt;requestType&amp;gt;GET&amp;lt;/requestType&amp;gt;
    &amp;lt;charset&amp;gt;UTF-8&amp;lt;/charset&amp;gt;
    &amp;lt;contentType&amp;gt;TEXT&amp;lt;/contentType&amp;gt;
    &amp;lt;requestURL&amp;gt;http://demodata/infras.json&amp;lt;/requestURL&amp;gt;
    &amp;lt;rawRequestBody&amp;gt;&amp;lt;/rawRequestBody&amp;gt;
    &amp;lt;useAuthentication&amp;gt;false&amp;lt;/useAuthentication&amp;gt;
    &amp;lt;formDataRequestBody/&amp;gt;
    &amp;lt;fileName&amp;gt;infras.json&amp;lt;/fileName&amp;gt;
  &amp;lt;/eu.unifiedviews.plugins.extractor.httprequest.HttpRequestConfig__V1&amp;gt;
&amp;lt;/object-stream&amp;gt;&lt;/string&gt;
      &lt;/entry&gt;
      &lt;entry&gt;
        &lt;string&gt;addon/faultToleranceWrap&lt;/string&gt;
        &lt;string&gt;&amp;lt;object-stream&amp;gt;
  &amp;lt;eu.unifiedviews.helpers.dpu.extension.faulttolerance.FaultTolerance_-Configuration__V1&amp;gt;
    &amp;lt;enabled&amp;gt;false&amp;lt;/enabled&amp;gt;
    &amp;lt;exceptionNames class=&amp;quot;linked-list&amp;quot;/&amp;gt;
    &amp;lt;maxRetryCount&amp;gt;-1&amp;lt;/maxRetryCount&amp;gt;
  &amp;lt;/eu.unifiedviews.helpers.dpu.extension.faulttolerance.FaultTolerance_-Configuration__V1&amp;gt;
&amp;lt;/object-stream&amp;gt;&lt;/string&gt;
      &lt;/entry&gt;
    &lt;/configurations&gt;
  &lt;/MasterConfigObject&gt;
&lt;/object-stream&gt;</rawConf>
            <template>
              <description></description>
              <jarName>uv-e-httpRequest-1.0.0.jar</jarName>
              <menuName>uv-e-httpRequest</menuName>
              <name>uv-e-httpRequest</name>
              <rawConf>&lt;object-stream&gt;
  &lt;MasterConfigObject&gt;
    &lt;configurations&gt;
      &lt;entry&gt;
        &lt;string&gt;dpu_config&lt;/string&gt;
        &lt;string&gt;&amp;lt;object-stream&amp;gt;
  &amp;lt;eu.unifiedviews.plugins.extractor.httprequest.HttpRequestConfig__V1&amp;gt;
    &amp;lt;postRequestDataType&amp;gt;RAW_DATA&amp;lt;/postRequestDataType&amp;gt;
    &amp;lt;requestType&amp;gt;GET&amp;lt;/requestType&amp;gt;
    &amp;lt;charset&amp;gt;UTF-8&amp;lt;/charset&amp;gt;
    &amp;lt;contentType&amp;gt;TEXT&amp;lt;/contentType&amp;gt;
    &amp;lt;requestURL&amp;gt;&amp;lt;/requestURL&amp;gt;
    &amp;lt;rawRequestBody&amp;gt;&amp;lt;/rawRequestBody&amp;gt;
    &amp;lt;useAuthentication&amp;gt;false&amp;lt;/useAuthentication&amp;gt;
    &amp;lt;formDataRequestBody/&amp;gt;
    &amp;lt;fileName&amp;gt;http_response&amp;lt;/fileName&amp;gt;
  &amp;lt;/eu.unifiedviews.plugins.extractor.httprequest.HttpRequestConfig__V1&amp;gt;
&amp;lt;/object-stream&amp;gt;&lt;/string&gt;
      &lt;/entry&gt;
    &lt;/configurations&gt;
  &lt;/MasterConfigObject&gt;
&lt;/object-stream&gt;</rawConf>
              <useDPUDescription>false</useDPUDescription>
            </template>
            <useDPUDescription>false</useDPUDescription>
            <useTemplateConfig>false</useTemplateConfig>
          </dpuInstance>
          <executions class="org.eclipse.persistence.indirection.IndirectSet"/>
          <graph reference="../../../.."/>
          <position>
            <x>210</x>
            <y>26</y>
          </position>
        </from>
        <graph reference="../../.."/>
        <script>requestOutput -&gt; input;</script>
        <to>
          <dpuInstance>
            <description></description>
            <menuName>uv-dpu-t-attx-uc1-infras2internal</menuName>
            <messageRecords class="org.eclipse.persistence.indirection.IndirectSet"/>
            <name>uv-dpu-t-attx-uc1-infras2internal</name>
            <node reference="../.."/>
            <rawConf>&lt;object-stream&gt;
  &lt;MasterConfigObject&gt;
    &lt;configurations&gt;
      &lt;entry&gt;
        &lt;string&gt;dpu_config&lt;/string&gt;
        &lt;string&gt;&amp;lt;object-stream&amp;gt;
  &amp;lt;org.uh.hulib.attx.wc.uv.dpu.uc1.Infras2InternalConfig__V1&amp;gt;
    &amp;lt;baseName&amp;gt;http://data.hulib.helsinki.fi/attx/&amp;lt;/baseName&amp;gt;
  &amp;lt;/org.uh.hulib.attx.wc.uv.dpu.uc1.Infras2InternalConfig__V1&amp;gt;
&amp;lt;/object-stream&amp;gt;&lt;/string&gt;
      &lt;/entry&gt;
    &lt;/configurations&gt;
  &lt;/MasterConfigObject&gt;
&lt;/object-stream&gt;</rawConf>
            <template>
              <description></description>
              <jarName>uv-dpu-t-attx-uc1-infras2internal-1.0-SNAPSHOT.jar</jarName>
              <menuName>uv-dpu-t-attx-uc1-infras2internal</menuName>
              <name>uv-dpu-t-attx-uc1-infras2internal</name>
              <rawConf>&lt;object-stream&gt;
  &lt;MasterConfigObject&gt;
    &lt;configurations&gt;
      &lt;entry&gt;
        &lt;string&gt;dpu_config&lt;/string&gt;
        &lt;string&gt;&amp;lt;object-stream&amp;gt;
  &amp;lt;org.uh.hulib.attx.wc.uv.dpu.uc1.Infras2InternalConfig__V1&amp;gt;
    &amp;lt;baseName&amp;gt;http://data.hulib.helsinki.fi/attx/&amp;lt;/baseName&amp;gt;
  &amp;lt;/org.uh.hulib.attx.wc.uv.dpu.uc1.Infras2InternalConfig__V1&amp;gt;
&amp;lt;/object-stream&amp;gt;&lt;/string&gt;
      &lt;/entry&gt;
    &lt;/configurations&gt;
  &lt;/MasterConfigObject&gt;
&lt;/object-stream&gt;</rawConf>
              <useDPUDescription>false</useDPUDescription>
            </template>
            <useDPUDescription>false</useDPUDescription>
            <useTemplateConfig>false</useTemplateConfig>
          </dpuInstance>
          <executions class="org.eclipse.persistence.indirection.IndirectSet"/>
          <graph reference="../../../.."/>
          <position>
            <x>459</x>
            <y>26</y>
          </position>
        </to>
      </cz.cuni.mff.xrg.odcs.commons.app.pipeline.graph.Edge>
      <cz.cuni.mff.xrg.odcs.commons.app.pipeline.graph.Edge>
        <from reference="../../cz.cuni.mff.xrg.odcs.commons.app.pipeline.graph.Edge/to"/>
        <graph reference="../../.."/>
        <script>output -&gt; fileInput;</script>
        <to>
          <dpuInstance>
            <description></description>
            <menuName>uv-dpu-l-attx-uploader</menuName>
            <messageRecords class="org.eclipse.persistence.indirection.IndirectSet"/>
            <name>uv-dpu-l-attx-uploader</name>
            <node reference="../.."/>
            <rawConf>&lt;object-stream&gt;
  &lt;MasterConfigObject&gt;
    &lt;configurations&gt;
      &lt;entry&gt;
        &lt;string&gt;dpu_config&lt;/string&gt;
        &lt;string&gt;&amp;lt;object-stream&amp;gt;
  &amp;lt;org.uh.hulib.attx.wc.uv.dpu.uploader.UploaderConfig__V1&amp;gt;
    &amp;lt;endpointURL&amp;gt;http://fuseki:3030/ds/&amp;lt;/endpointURL&amp;gt;
    &amp;lt;rdfFileFormat&amp;gt;Turtle&amp;lt;/rdfFileFormat&amp;gt;
    &amp;lt;targetGraphName&amp;gt;http://data.hulib.helsinki.fi/attx/work/2&amp;lt;/targetGraphName&amp;gt;
    &amp;lt;clearDestinationGraph&amp;gt;true&amp;lt;/clearDestinationGraph&amp;gt;
  &amp;lt;/org.uh.hulib.attx.wc.uv.dpu.uploader.UploaderConfig__V1&amp;gt;
&amp;lt;/object-stream&amp;gt;&lt;/string&gt;
      &lt;/entry&gt;
      &lt;entry&gt;
        &lt;string&gt;addon/faultToleranceWrap&lt;/string&gt;
        &lt;string&gt;&amp;lt;object-stream&amp;gt;
  &amp;lt;eu.unifiedviews.helpers.dpu.extension.faulttolerance.FaultTolerance_-Configuration__V1&amp;gt;
    &amp;lt;enabled&amp;gt;false&amp;lt;/enabled&amp;gt;
    &amp;lt;exceptionNames class=&amp;quot;linked-list&amp;quot;/&amp;gt;
    &amp;lt;maxRetryCount&amp;gt;-1&amp;lt;/maxRetryCount&amp;gt;
  &amp;lt;/eu.unifiedviews.helpers.dpu.extension.faulttolerance.FaultTolerance_-Configuration__V1&amp;gt;
&amp;lt;/object-stream&amp;gt;&lt;/string&gt;
      &lt;/entry&gt;
    &lt;/configurations&gt;
  &lt;/MasterConfigObject&gt;
&lt;/object-stream&gt;</rawConf>
            <template>
              <description></description>
              <jarName>uv-dpu-l-attx-uploader-1.0-SNAPSHOT.jar</jarName>
              <menuName>uv-dpu-l-attx-uploader</menuName>
              <name>uv-dpu-l-attx-uploader</name>
              <rawConf>&lt;object-stream&gt;
  &lt;MasterConfigObject&gt;
    &lt;configurations&gt;
      &lt;entry&gt;
        &lt;string&gt;dpu_config&lt;/string&gt;
        &lt;string&gt;&amp;lt;object-stream&amp;gt;
  &amp;lt;org.uh.hulib.attx.wc.uv.dpu.uploader.UploaderConfig__V1&amp;gt;
    &amp;lt;endpointURL&amp;gt;http://localhost:3030/ds/&amp;lt;/endpointURL&amp;gt;
    &amp;lt;rdfFileFormat&amp;gt;Auto&amp;lt;/rdfFileFormat&amp;gt;
    &amp;lt;targetGraphName&amp;gt;&amp;lt;/targetGraphName&amp;gt;
    &amp;lt;clearDestinationGraph&amp;gt;false&amp;lt;/clearDestinationGraph&amp;gt;
  &amp;lt;/org.uh.hulib.attx.wc.uv.dpu.uploader.UploaderConfig__V1&amp;gt;
&amp;lt;/object-stream&amp;gt;&lt;/string&gt;
      &lt;/entry&gt;
    &lt;/configurations&gt;
  &lt;/MasterConfigObject&gt;
&lt;/object-stream&gt;</rawConf>
              <useDPUDescription>false</useDPUDescription>
            </template>
            <useDPUDescription>false</useDPUDescription>
            <useTemplateConfig>false</useTemplateConfig>
          </dpuInstance>
          <executions class="org.eclipse.persistence.indirection.IndirectSet"/>
          <graph reference="../../../.."/>
          <position>
            <x>592</x>
            <y>107</y>
          </position>
        </to>
      </cz.cuni.mff.xrg.odcs.commons.app.pipeline.graph.Edge>
    </edges>
    <nodes>
      <cz.cuni.mff.xrg.odcs.commons.app.pipeline.graph.Node reference="../../edges/cz.cuni.mff.xrg.odcs.commons.app.pipeline.graph.Edge[2]/to"/>
      <cz.cuni.mff.xrg.odcs.commons.app.pipeline.graph.Node reference="../../edges/cz.cuni.mff.xrg.odcs.commons.app.pipeline.graph.Edge/from"/>
      <cz.cuni.mff.xrg.odcs.commons.app.pipeline.graph.Node reference="../../edges/cz.cuni.mff.xrg.odcs.commons.app.pipeline.graph.Edge/to"/>
      <cz.cuni.mff.xrg.odcs.commons.app.pipeline.graph.Node>
        <dpuInstance>
          <description></description>
          <menuName>uv-dpu-t-attx-metadata</menuName>
          <messageRecords class="org.eclipse.persistence.indirection.IndirectSet"/>
          <name>uv-dpu-t-attx-metadata</name>
          <node reference="../.."/>
          <rawConf>&lt;object-stream&gt;
  &lt;MasterConfigObject&gt;
    &lt;configurations&gt;
      &lt;entry&gt;
        &lt;string&gt;dpu_config&lt;/string&gt;
        &lt;string&gt;&amp;lt;object-stream&amp;gt;
  &amp;lt;org.uh.hulib.attx.wc.uv.dpu.metadata.TransformerATTXMetadataConfig__V1&amp;gt;
    &amp;lt;inputGraphURI&amp;gt;http://infrat.avointiede.fi&amp;lt;/inputGraphURI&amp;gt;
    &amp;lt;inputGraphTitle&amp;gt;Infrat&amp;lt;/inputGraphTitle&amp;gt;
    &amp;lt;inputGraphDescription&amp;gt;Test&amp;lt;/inputGraphDescription&amp;gt;
    &amp;lt;inputGraphPublisher&amp;gt;CSC&amp;lt;/inputGraphPublisher&amp;gt;
    &amp;lt;inputGraphSource&amp;gt;http://infrat.avointiede.fi&amp;lt;/inputGraphSource&amp;gt;
    &amp;lt;inputGraphLicence&amp;gt;http://data.hulib.helsinki.fi/attx/onto#Unknown&amp;lt;/inputGraphLicence&amp;gt;
    &amp;lt;outputGraphURI&amp;gt;http://data.hulib.helsinki.fi/attx/work/2&amp;lt;/outputGraphURI&amp;gt;
    &amp;lt;outputGraphTitle&amp;gt;Work2 - infras&amp;lt;/outputGraphTitle&amp;gt;
    &amp;lt;outputGraphDescription&amp;gt;Test&amp;lt;/outputGraphDescription&amp;gt;
    &amp;lt;outputGraphPublisher&amp;gt;HY&amp;lt;/outputGraphPublisher&amp;gt;
    &amp;lt;outputGraphSource&amp;gt;http://infrat.avointiede.fi&amp;lt;/outputGraphSource&amp;gt;
    &amp;lt;outputGraphLicence&amp;gt;http://data.hulib.helsinki.fi/attx/onto#Unknown&amp;lt;/outputGraphLicence&amp;gt;
  &amp;lt;/org.uh.hulib.attx.wc.uv.dpu.metadata.TransformerATTXMetadataConfig__V1&amp;gt;
&amp;lt;/object-stream&amp;gt;&lt;/string&gt;
      &lt;/entry&gt;
    &lt;/configurations&gt;
  &lt;/MasterConfigObject&gt;
&lt;/object-stream&gt;</rawConf>
          <template>
            <description></description>
            <jarName>uv-dpu-t-attx-metadata-1.0-SNAPSHOT.jar</jarName>
            <menuName>uv-dpu-t-attx-metadata</menuName>
            <name>uv-dpu-t-attx-metadata</name>
            <rawConf>&lt;object-stream&gt;
  &lt;MasterConfigObject&gt;
    &lt;configurations&gt;
      &lt;entry&gt;
        &lt;string&gt;dpu_config&lt;/string&gt;
        &lt;string&gt;&amp;lt;object-stream&amp;gt;
  &amp;lt;org.uh.hulib.attx.wc.uv.dpu.metadata.TransformerATTXMetadataConfig__V1&amp;gt;
    &amp;lt;inputGraphURI&amp;gt;&amp;lt;/inputGraphURI&amp;gt;
    &amp;lt;inputGraphTitle&amp;gt;&amp;lt;/inputGraphTitle&amp;gt;
    &amp;lt;inputGraphDescription&amp;gt;&amp;lt;/inputGraphDescription&amp;gt;
    &amp;lt;inputGraphPublisher&amp;gt;&amp;lt;/inputGraphPublisher&amp;gt;
    &amp;lt;inputGraphSource&amp;gt;&amp;lt;/inputGraphSource&amp;gt;
    &amp;lt;inputGraphLicence&amp;gt;&amp;lt;/inputGraphLicence&amp;gt;
    &amp;lt;outputGraphURI&amp;gt;&amp;lt;/outputGraphURI&amp;gt;
    &amp;lt;outputGraphTitle&amp;gt;&amp;lt;/outputGraphTitle&amp;gt;
    &amp;lt;outputGraphDescription&amp;gt;&amp;lt;/outputGraphDescription&amp;gt;
    &amp;lt;outputGraphPublisher&amp;gt;&amp;lt;/outputGraphPublisher&amp;gt;
    &amp;lt;outputGraphSource&amp;gt;&amp;lt;/outputGraphSource&amp;gt;
    &amp;lt;outputGraphLicence&amp;gt;&amp;lt;/outputGraphLicence&amp;gt;
  &amp;lt;/org.uh.hulib.attx.wc.uv.dpu.metadata.TransformerATTXMetadataConfig__V1&amp;gt;
&amp;lt;/object-stream&amp;gt;&lt;/string&gt;
      &lt;/entry&gt;
    &lt;/configurations&gt;
  &lt;/MasterConfigObject&gt;
&lt;/object-stream&gt;</rawConf>
            <useDPUDescription>false</useDPUDescription>
          </template>
          <useDPUDescription>false</useDPUDescription>
          <useTemplateConfig>false</useTemplateConfig>
        </dpuInstance>
        <executions class="org.eclipse.persistence.indirection.IndirectSet"/>
        <graph reference="../../.."/>
        <position>
          <x>308</x>
          <y>125</y>
        </position>
      </cz.cuni.mff.xrg.odcs.commons.app.pipeline.graph.Node>
    </nodes>
    <pipeline reference="../.."/>
  </graph>
  <lastChange>2017-05-31 06:29:52.0 UTC</lastChange>
  <name>harvestInfras</name>
  <openEvents class="org.eclipse.persistence.indirection.IndirectSet"/>
  <schedules class="org.eclipse.persistence.indirection.IndirectSet"/>
  <shareType>PRIVATE</shareType>
</cz.cuni.mff.xrg.odcs.commons.app.pipeline.Pipeline>