<list>
  <template>
    <children class="org.eclipse.persistence.indirection.IndirectSet"/>
    <derivedDPUs class="org.eclipse.persistence.indirection.IndirectSet"/>
    <description></description>
    <jarDescription>(commit: 70e91225919ce337f2a88f62c00f836abad71789, build timestamp: 2017-04-03 10:45)</jarDescription>
    <jarDirectory>uv-dpu-l-attx-uploader</jarDirectory>
    <jarName>uv-dpu-l-attx-uploader-1.0-SNAPSHOT.jar</jarName>
    <menuName>uv-dpu-l-attx-uploader</menuName>
    <name>uv-dpu-l-attx-uploader</name>
    <rawConf>&lt;object-stream&gt;
  &lt;MasterConfigObject&gt;
    &lt;configurations&gt;
      &lt;entry&gt;
        &lt;string&gt;dpu_config&lt;/string&gt;
        &lt;string&gt;&amp;lt;object-stream&amp;gt;
  &amp;lt;org.uh.hulib.attx.wc.uv.dpu.uploader.UploaderConfig__V1&amp;gt;
    &amp;lt;endpointURL&amp;gt;http://localhost:3030/ds/&amp;lt;/endpointURL&amp;gt;
    &amp;lt;rdfFileFormat&amp;gt;Auto&amp;lt;/rdfFileFormat&amp;gt;
    &amp;lt;targetGraphName&amp;gt;&amp;lt;/targetGraphName&amp;gt;
    &amp;lt;clearDestinationGraph&amp;gt;false&amp;lt;/clearDestinationGraph&amp;gt;
  &amp;lt;/org.uh.hulib.attx.wc.uv.dpu.uploader.UploaderConfig__V1&amp;gt;
&amp;lt;/object-stream&amp;gt;&lt;/string&gt;
      &lt;/entry&gt;
    &lt;/configurations&gt;
  &lt;/MasterConfigObject&gt;
&lt;/object-stream&gt;</rawConf>
    <shareType>PUBLIC_RO</shareType>
    <type>LOADER</type>
    <useDPUDescription>false</useDPUDescription>
  </template>
  <template>
    <children class="org.eclipse.persistence.indirection.IndirectSet"/>
    <derivedDPUs class="org.eclipse.persistence.indirection.IndirectSet"/>
    <description></description>
    <jarDescription>(commit: 3f65f00c4fba183c4dea7353605e2bdd6ac2715f, build timestamp: 2017-04-07 13:05)</jarDescription>
    <jarDirectory>uv-dpu-t-attx-metadata</jarDirectory>
    <jarName>uv-dpu-t-attx-metadata-1.0-SNAPSHOT.jar</jarName>
    <menuName>uv-dpu-t-attx-metadata</menuName>
    <name>uv-dpu-t-attx-metadata</name>
    <rawConf>&lt;object-stream&gt;
  &lt;MasterConfigObject&gt;
    &lt;configurations&gt;
      &lt;entry&gt;
        &lt;string&gt;dpu_config&lt;/string&gt;
        &lt;string&gt;&amp;lt;object-stream&amp;gt;
  &amp;lt;org.uh.hulib.attx.wc.uv.dpu.metadata.TransformerATTXMetadataConfig__V1&amp;gt;
    &amp;lt;inputGraphURI&amp;gt;&amp;lt;/inputGraphURI&amp;gt;
    &amp;lt;inputGraphTitle&amp;gt;&amp;lt;/inputGraphTitle&amp;gt;
    &amp;lt;inputGraphDescription&amp;gt;&amp;lt;/inputGraphDescription&amp;gt;
    &amp;lt;inputGraphPublisher&amp;gt;&amp;lt;/inputGraphPublisher&amp;gt;
    &amp;lt;inputGraphSource&amp;gt;&amp;lt;/inputGraphSource&amp;gt;
    &amp;lt;inputGraphLicence&amp;gt;&amp;lt;/inputGraphLicence&amp;gt;
    &amp;lt;outputGraphURI&amp;gt;&amp;lt;/outputGraphURI&amp;gt;
    &amp;lt;outputGraphTitle&amp;gt;&amp;lt;/outputGraphTitle&amp;gt;
    &amp;lt;outputGraphDescription&amp;gt;&amp;lt;/outputGraphDescription&amp;gt;
    &amp;lt;outputGraphPublisher&amp;gt;&amp;lt;/outputGraphPublisher&amp;gt;
    &amp;lt;outputGraphSource&amp;gt;&amp;lt;/outputGraphSource&amp;gt;
    &amp;lt;outputGraphLicence&amp;gt;&amp;lt;/outputGraphLicence&amp;gt;
  &amp;lt;/org.uh.hulib.attx.wc.uv.dpu.metadata.TransformerATTXMetadataConfig__V1&amp;gt;
&amp;lt;/object-stream&amp;gt;&lt;/string&gt;
      &lt;/entry&gt;
    &lt;/configurations&gt;
  &lt;/MasterConfigObject&gt;
&lt;/object-stream&gt;</rawConf>
    <shareType>PUBLIC_RO</shareType>
    <type>TRANSFORMER</type>
    <useDPUDescription>false</useDPUDescription>
  </template>
  <template>
    <children class="org.eclipse.persistence.indirection.IndirectSet"/>
    <derivedDPUs class="org.eclipse.persistence.indirection.IndirectSet"/>
    <description></description>
    <jarDescription>Downloads list of files. Replaces E-FilesFromLocal and E-HttpDownload. (commit: 2f689ec21593d13d5dfbb5fad8a48e258a9c57f5, build timestamp: 2016-11-03 18:46)</jarDescription>
    <jarDirectory>uv-e-filesDownload</jarDirectory>
    <jarName>uv-e-filesDownload-2.1.6.jar</jarName>
    <menuName>uv-e-filesDownload</menuName>
    <name>uv-e-filesDownload</name>
    <rawConf>&lt;object-stream&gt;
  &lt;MasterConfigObject&gt;
    &lt;configurations&gt;
      &lt;entry&gt;
        &lt;string&gt;dpu_config&lt;/string&gt;
        &lt;string&gt;&amp;lt;object-stream&amp;gt;
  &amp;lt;eu.unifiedviews.plugins.extractor.filesdownload.FilesDownloadConfig__V1&amp;gt;
    &amp;lt;vfsFiles class=&amp;quot;linked-list&amp;quot;/&amp;gt;
    &amp;lt;softFail&amp;gt;false&amp;lt;/softFail&amp;gt;
    &amp;lt;defaultTimeout&amp;gt;20000&amp;lt;/defaultTimeout&amp;gt;
    &amp;lt;ignoreTlsErrors&amp;gt;false&amp;lt;/ignoreTlsErrors&amp;gt;
    &amp;lt;checkForDuplicatedInputFiles&amp;gt;false&amp;lt;/checkForDuplicatedInputFiles&amp;gt;
  &amp;lt;/eu.unifiedviews.plugins.extractor.filesdownload.FilesDownloadConfig__V1&amp;gt;
&amp;lt;/object-stream&amp;gt;&lt;/string&gt;
      &lt;/entry&gt;
    &lt;/configurations&gt;
  &lt;/MasterConfigObject&gt;
&lt;/object-stream&gt;</rawConf>
    <shareType>PUBLIC_RO</shareType>
    <type>EXTRACTOR</type>
    <useDPUDescription>false</useDPUDescription>
  </template>
  <template>
    <children class="org.eclipse.persistence.indirection.IndirectSet"/>
    <derivedDPUs class="org.eclipse.persistence.indirection.IndirectSet"/>
    <description></description>
    <jarDescription>Extracts RDF data from Files (any file format) and adds them to RDF. (commit: 2f689ec21593d13d5dfbb5fad8a48e258a9c57f5, build timestamp: 2016-11-03 18:46)</jarDescription>
    <jarDirectory>uv-t-filesToRdf</jarDirectory>
    <jarName>uv-t-filesToRdf-2.2.1.jar</jarName>
    <menuName>uv-t-filesToRdf</menuName>
    <name>uv-t-filesToRdf</name>
    <rawConf>&lt;object-stream&gt;
  &lt;MasterConfigObject&gt;
    &lt;configurations&gt;
      &lt;entry&gt;
        &lt;string&gt;dpu_config&lt;/string&gt;
        &lt;string&gt;&amp;lt;object-stream&amp;gt;
  &amp;lt;eu.unifiedviews.plugins.transformer.filestordft.FilesToRDFConfig__V1&amp;gt;
    &amp;lt;symbolicNameToBaseURIMap class=&amp;quot;linked-hash-map&amp;quot;/&amp;gt;
    &amp;lt;symbolicNameToFormatMap class=&amp;quot;linked-hash-map&amp;quot;/&amp;gt;
    &amp;lt;commitSize&amp;gt;100000&amp;lt;/commitSize&amp;gt;
    &amp;lt;fatalErrorHandling&amp;gt;STOP_EXTRACTION&amp;lt;/fatalErrorHandling&amp;gt;
    &amp;lt;errorHandling&amp;gt;SKIP_CONTINUE_THIS_FILE&amp;lt;/errorHandling&amp;gt;
    &amp;lt;warningHandling&amp;gt;SKIP_CONTINUE_THIS_FILE&amp;lt;/warningHandling&amp;gt;
    &amp;lt;outputNaming&amp;gt;USE_INPUT_GRAPH_NAME&amp;lt;/outputNaming&amp;gt;
    &amp;lt;outputType&amp;gt;AUTO&amp;lt;/outputType&amp;gt;
    &amp;lt;useEntryNameAsVirtualGraph&amp;gt;false&amp;lt;/useEntryNameAsVirtualGraph&amp;gt;
  &amp;lt;/eu.unifiedviews.plugins.transformer.filestordft.FilesToRDFConfig__V1&amp;gt;
&amp;lt;/object-stream&amp;gt;&lt;/string&gt;
      &lt;/entry&gt;
    &lt;/configurations&gt;
  &lt;/MasterConfigObject&gt;
&lt;/object-stream&gt;</rawConf>
    <shareType>PUBLIC_RO</shareType>
    <type>TRANSFORMER</type>
    <useDPUDescription>false</useDPUDescription>
  </template>
  <template>
    <children class="org.eclipse.persistence.indirection.IndirectSet"/>
    <derivedDPUs class="org.eclipse.persistence.indirection.IndirectSet"/>
    <description></description>
    <jarDescription>(commit: 2f689ec21593d13d5dfbb5fad8a48e258a9c57f5, build timestamp: 2016-11-03 18:46)</jarDescription>
    <jarDirectory>uv-t-rdfMerger</jarDirectory>
    <jarName>uv-t-rdfMerger-2.1.3.jar</jarName>
    <menuName>uv-t-rdfMerger</menuName>
    <name>uv-t-rdfMerger</name>
    <rawConf>&lt;object-stream&gt;
  &lt;MasterConfigObject&gt;
    &lt;configurations&gt;
      &lt;entry&gt;
        &lt;string&gt;dpu_config&lt;/string&gt;
        &lt;string&gt;&amp;lt;object-stream&amp;gt;
  &amp;lt;eu.unifiedviews.plugins.transformer.rdfmerger.RdfMergerConfig__V1/&amp;gt;
&amp;lt;/object-stream&amp;gt;&lt;/string&gt;
      &lt;/entry&gt;
    &lt;/configurations&gt;
  &lt;/MasterConfigObject&gt;
&lt;/object-stream&gt;</rawConf>
    <shareType>PUBLIC_RO</shareType>
    <type>TRANSFORMER</type>
    <useDPUDescription>false</useDPUDescription>
  </template>
  <template>
    <children class="org.eclipse.persistence.indirection.IndirectSet"/>
    <derivedDPUs class="org.eclipse.persistence.indirection.IndirectSet"/>
    <description></description>
    <jarDescription>Execute a single SPARQL construct query. Does not support quads! (commit: 2f689ec21593d13d5dfbb5fad8a48e258a9c57f5, build timestamp: 2016-11-03 18:46)</jarDescription>
    <jarDirectory>uv-t-sparqlConstruct</jarDirectory>
    <jarName>uv-t-sparqlConstruct-2.1.6.jar</jarName>
    <menuName>uv-t-sparqlConstruct</menuName>
    <name>uv-t-sparqlConstruct</name>
    <rawConf>&lt;object-stream&gt;
  &lt;MasterConfigObject&gt;
    &lt;configurations&gt;
      &lt;entry&gt;
        &lt;string&gt;dpu_config&lt;/string&gt;
        &lt;string&gt;&amp;lt;object-stream&amp;gt;
  &amp;lt;cz.cuni.mff.xrg.uv.transformer.sparql.construct.SparqlConstructConfig__V1&amp;gt;
    &amp;lt;query&amp;gt;CONSTRUCT {?s ?p ?o} WHERE {?s ?p ?o}&amp;lt;/query&amp;gt;
    &amp;lt;perGraph&amp;gt;true&amp;lt;/perGraph&amp;gt;
  &amp;lt;/cz.cuni.mff.xrg.uv.transformer.sparql.construct.SparqlConstructConfig__V1&amp;gt;
&amp;lt;/object-stream&amp;gt;&lt;/string&gt;
      &lt;/entry&gt;
    &lt;/configurations&gt;
  &lt;/MasterConfigObject&gt;
&lt;/object-stream&gt;</rawConf>
    <shareType>PUBLIC_RO</shareType>
    <type>TRANSFORMER</type>
    <useDPUDescription>false</useDPUDescription>
  </template>
</list>